Country,Continent,Area,Birth rate,Current account balance,Death rate,Electricity consumption,Electricity production,Exports,GDP,GDP per capita,GDP real growth rate,Highways,Imports,Industrial production growth rate,Infant mortality rate,Inflation rate,Internet users,Investment,Labor force,Life expectancy at birth,Military expenditures,Natural gas consumption,Oil consumption,Population,Public debt,Railways,Reserves of foreign exchange & gold,Total fertility rate,Unemployment rate
Albania,Europe,28748,15.08,"($504,000,000.00)",5.12,6760000000,5680000000,"$552,400,000.00","$17,460,000,000.00","$4,900.00",5.6,18000,"$2,076,000,000.00",3.1,21.52,3.2,30000,18.4,1090000,77.24,1.49,"30,000,000.00",7500,3563112,0,447,1206000000,2.04,14.8
Algeria,Africa,2381740,17.13,"$11,900,000,000.00",4.6,23610000000,25760000000,"$32,160,000,000.00","$212,300,000,000.00","$6,600.00",6.1,104000,"$15,250,000,000.00",6,31,3.1,500000,26.2,9910000,73,3.2,"22,320,000,000.00",209000,32531853,37.4,3973,43550000000,1.92,25.4
Angola,Africa,1246700,44.64,"($37,880,000.00)",25.9,1587000000,1707000000,"$12,760,000,000.00","$23,170,000,000.00","$2,100.00",11.7,51429,"$4,896,000,000.00",1,191.19,43.8,41000,34.5,5410000,36.61,10.6,"530,000,000.00",31000,11190786,0,2761,800000000,6.27,0
Argentina,America,2766890,16.9,"$5,473,000,000.00",7.56,81650000000,81390000000,"$33,780,000,000.00","$483,500,000,000.00","$12,400.00",8.3,215471,"$22,060,000,000.00",12,15.18,6.1,4100000,18.3,15040000,75.91,1.3,"31,100,000,000.00",486000,39537943,118,34091,19470000000,2.19,14.8
Armenia,Asia,29800,11.76,"($240,400,000.00)",8.16,5797000000,6492000000,"$850,000,000.00","$13,650,000,000.00","$4,600.00",9,8431,"$1,300,000,000.00",15,23.28,3.5,150000,19.8,1400000,71.55,6.5,"1,400,000,000.00",5700,2982904,0,845,555000000,1.32,30
Australia,Oceania,7686850,12.26,"($38,300,000,000.00)",7.44,195600000000,210300000000,"$86,890,000,000.00","$611,700,000,000.00","$30,700.00",3.5,811603,"$98,100,000,000.00",1.9,4.69,2.3,9472000,25.3,10350000,80.39,2.7,"23,330,000,000.00",796500,20090437,17.4,43802,35140000000,1.76,5.1
Austria,Europe,83870,8.81,"($3,283,000,000.00)",9.7,55090000000,58490000000,"$102,700,000,000.00","$255,900,000,000.00","$31,300.00",1.9,200000,"$101,200,000,000.00",3.3,4.66,1.8,3730000,22.6,3450000,78.92,0.9,"7,810,000,000.00",262400,8184691,64.2,6021,12730000000,1.36,4.4
Azerbaijan,Asia,86600,20.4,"($2,899,000,000.00)",9.86,17370000000,17550000000,"$3,168,000,000.00","$30,010,000,000.00","$3,800.00",9.8,28030,"$3,622,000,000.00",4,81.74,4.6,300000,65.1,5090000,63.35,2.6,"6,720,000,000.00",140000,7911974,18.9,2957,875000000,2.44,1.2
Bahrain,Asia,665,18.1,"$586,100,000.00",4.08,6379000000,6860000000,"$8,205,000,000.00","$13,010,000,000.00","$19,200.00",5.6,3459,"$5,870,000,000.00",2,17.27,2.1,195700,12.8,370000,74.23,6.3,"32,700,000,000.00",40000,688345,63.8,0,2141000000,2.63,15
Bangladesh,Asia,144000,30.01,"$216,600,000.00",8.4,15300000000,16450000000,"$7,478,000,000.00","$275,700,000,000.00","$2,000.00",4.9,207486,"$10,030,000,000.00",6.5,62.6,6,243000,23.5,65490000,62.08,1.8,"9,900,000,000.00",71000,144319628,43,2706,3000000000,3.13,40
Belarus,Europe,207600,10.83,"($1,119,000,000.00)",14.15,34300000000,30000000000,"$11,470,000,000.00","$70,500,000,000.00","$6,800.00",6.4,79990,"$13,570,000,000.00",4,13.37,17.4,1391900,21.8,4305000,68.72,1.4,"18,800,000,000.00",285000,10300483,0,5523,770200000,1.39,2
Belgium,Europe,30528,10.48,"$11,400,000,000.00",10.22,78820000000,76580000000,"$255,700,000,000.00","$316,200,000,000.00","$30,600.00",2.6,149028,"$235,000,000,000.00",3.5,4.68,1.9,3400000,19.1,4750000,78.62,1.3,"15,500,000,000.00",595100,10364388,96.2,3518,14450000000,1.64,12
Belize,America,22966,29.34,"($115,000,000.00)",6.04,108800000,117000000,"$401,400,000.00","$1,778,000,000.00","$6,500.00",3.5,2872,"$579,900,000.00",4.6,25.69,2.9,30000,33.6,90000,67.49,2,0,5000,279457,0,0,111100000,3.68,12.9
Benin,Africa,112620,41.99,"($159,900,000.00)",13.76,565200000,285200000,"$720,900,000.00","$8,338,000,000.00","$1,200.00",5,6787,"$934,500,000.00",8.3,85,2.8,70000,19.3,0,50.51,2.4,0,11500,7460025,0,578,839300000,5.86,0
Bolivia,America,1098580,23.76,"$273,000,000.00",7.64,3848000000,4132000000,"$1,986,000,000.00","$22,330,000,000.00","$2,600.00",3.7,60282,"$1,595,000,000.00",5.7,53.11,4.9,270000,10.4,3800000,65.5,1.6,"1,150,000,000.00",49000,8857870,0,3519,1214000000,2.94,9.2
Bosnia and Herzegovina,Europe,51129,12.49,"($2,100,000,000.00)",8.44,8318000000,10040000000,"$1,700,000,000.00","$26,210,000,000.00","$6,500.00",5,21846,"$5,200,000,000.00",5.5,21.05,1.1,100000,0,1026000,72.85,4.5,"300,000,000.00",20000,4025476,0,1021,2000000000,1.71,44
Botswana,Africa,600370,23.33,"$337,000,000.00",29.36,1890000000,930000000,"$2,940,000,000.00","$15,050,000,000.00","$9,200.00",3.5,10217,"$2,255,000,000.00",4.4,54.58,7,60000,25.5,264000,33.87,3.9,0,16000,1640115,8.6,888,5700000000,2.85,23.8
Brazil,America,8511965,16.83,"$8,000,000,000.00",6.15,351900000000,339000000000,"$95,000,000,000.00","$1,492,000,000,000.00","$8,100.00",5.1,1724929,"$61,000,000,000.00",6,29.61,7.6,14300000,19.8,89000000,71.69,1.8,"9,590,000,000.00",2199000,186112794,52,29412,52940000000,1.93,11.5
Bulgaria,Europe,110910,9.66,"$682,900,000.00",14.26,32710000000,43070000000,"$9,134,000,000.00","$61,630,000,000.00","$8,200.00",5.3,37077,"$12,230,000,000.00",5.2,20.55,6.1,630000,18.6,3398000,72.03,2.6,"5,804,000,000.00",94000,7450349,41.9,4294,7526000000,1.38,12.7
Burkina Faso,Africa,274200,44.17,"($471,700,000.00)",18.86,335700000,361000000,"$418,600,000.00","$15,740,000,000.00","$1,200.00",4.8,12506,"$866,300,000.00",14,97.57,2.4,48000,29.1,5000000,43.92,1.3,0,8000,13925313,0,622,474900000,6.23,0
Burma,Asia,678500,18.11,"($185,000,000.00)",12.15,3484000000,5068000000,"$2,137,000,000.00","$74,300,000,000.00","$1,700.00",-1.3,28200,"$1,754,000,000.00",0,67.24,17.2,28000,10.2,27010000,56.22,2.1,"1,569,000,000.00",60950,42909464,0,3955,590000000,2.01,5.2
Burundi,Africa,27830,39.66,"($59,500,000.00)",17.43,137800000,132000000,"$31,840,000.00","$4,001,000,000.00",$600.00,3,14480,"$138,200,000.00",18,69.29,8.5,14000,10.7,2990000,43.5,6,0,2750,6370609,0,0,76890000,5.81,0
Cambodia,Asia,181040,27.08,"($316,200,000.00)",8.97,100600000,122000000,"$2,311,000,000.00","$26,990,000,000.00","$2,000.00",5.4,12323,"$3,129,000,000.00",22,71.48,3.1,30000,20.9,7000000,58.87,3,0,7200,13607069,0,602,997500000,3.44,2.5
Cameroon,Africa,475440,34.67,"($149,100,000.00)",15.4,3321000000,3571000000,"$2,445,000,000.00","$30,170,000,000.00","$1,900.00",4.9,34300,"$1,979,000,000.00",4.2,68.26,1,60000,16.1,6680000,47.84,1.6,-,22000,16380005,69.1,1008,687500000,4.47,30
Canada,America,9984670,10.84,"$28,200,000,000.00",7.73,487300000000,548900000000,"$315,600,000,000.00","$1,023,000,000,000.00","$31,500.00",2.4,1408800,"$256,100,000,000.00",2,4.75,1.9,16110000,19.4,17370000,80.1,1.1,"55,800,000,000.00",2200000,32805041,0,48909,36270000000,1.61,7
Cape Verde,Africa,4033,25.33,"($93,760,000.00)",6.62,40060000,43080000,"$61,110,000.00","$600,000,000.00","$1,400.00",5,1100,"$387,300,000.00",0,47.77,1.5,20400,19.2,0,70.45,1.5,0,2000,418224,0,0,112700000,3.48,21
Chad,Africa,1284000,45.98,"$330,200,000.00",16.41,89400000,96130000,"$365,000,000.00","$15,660,000,000.00","$1,600.00",38,33400,"$500,700,000.00",5,93.82,8,15000,24.7,0,47.94,2.1,0,1500,9826419,0,0,652700000,6.32,0
Chile,America,756950,15.44,"$2,185,000,000.00",5.76,41800000000,48600000000,"$29,200,000,000.00","$169,100,000,000.00","$10,700.00",5.8,79605,"$22,530,000,000.00",7.8,8.8,2.4,3575000,23.9,6200000,76.58,3.8,"6,517,000,000.00",240000,15980912,12.8,6585,16020000000,2.02,8.5
China,Asia,9596960,13.14,"$30,320,000,000.00",6.94,1630000000000,1910000000000,"$583,100,000,000.00","$7,262,000,000,000.00","$5,600.00",9.1,1765222,"$552,400,000,000.00",17.1,24.18,4.1,94000000,46,760800000,72.27,4.3,"29,180,000,000.00",4956000,1306313812,31.4,70058,609900000000,1.72,9.8
Colombia,America,1138910,20.82,"($1,706,000,000.00)",5.59,41140000000,44870000000,"$15,500,000,000.00","$281,100,000,000.00","$6,600.00",3.6,112998,"$15,340,000,000.00",4,20.97,5.9,2732200,15.8,20700000,71.72,3.4,"5,700,000,000.00",252000,42954279,51.8,3304,11940000000,2.56,13.6
Congo Republic of the,Africa,342000,27.88,"$266,000,000.00",14.82,573600000,348000000,"$2,224,000,000.00","$2,324,000,000.00",$800.00,3.7,12800,"$749,300,000.00",0,92.41,1.8,15000,25.8,0,48.97,2.8,-,5000,3039126,0,894,40420000,3.54,0
Costa Rica,America,51100,18.6,"($980,300,000.00)",4.33,5733000000,6614000000,"$6,184,000,000.00","$37,970,000,000.00","$9,600.00",3.9,35303,"$7,842,000,000.00",3.1,9.95,11.5,800000,19.2,1810000,76.84,0.4,0,37000,4016173,58,950,1736000000,2.28,6.6
Cote d'Ivoire,Africa,322460,35.51,"($421,500,000.00)",14.94,2976000000,4759000000,"$5,124,000,000.00","$24,780,000,000.00","$1,500.00",-1,50400,"$3,360,000,000.00",15,90.83,1.4,90000,11.3,6700000,48.62,1.2,"1,350,000,000.00",32000,17298040,74.8,660,1950000000,4.58,13
Croatia,Europe,56542,9.57,"($1,925,000,000.00)",11.38,15200000000,12510000000,"$7,845,000,000.00","$50,330,000,000.00","$11,200.00",3.7,28344,"$16,700,000,000.00",2.7,6.84,2.5,1014000,28.6,1710000,74.45,2.39,"2,840,000,000.00",89000,4495904,41.7,2726,8563000000,1.39,13.8
Cuba,America,110860,12.03,"($185,100,000.00)",7.19,13400000000,14410000000,"$2,104,000,000.00","$33,920,000,000.00","$3,000.00",3,60858,"$5,296,000,000.00",1.4,6.33,3.1,120000,11.2,4550000,77.23,1.8,"600,000,000.00",163000,11346670,0,4226,738600000,1.66,2.5
Cyprus,Asia,9250,12.57,"($619,900,000.00)",7.64,602000000,4000000000,"$49,300,000.00","$4,540,000,000.00","$7,135.00",2.6,13943,"$415,200,000.00",-0.3,7.18,2.4,210000,17.9,95025,77.65,3.8,0,49000,780133,74.9,0,941600000,1.83,3.2
Czech Republic,Europe,78866,9.07,"($5,730,000,000.00)",10.54,55330000000,71750000000,"$66,510,000,000.00","$172,200,000,000.00","$16,800.00",3.7,127204,"$68,190,000,000.00",4.7,3.93,3.2,2700000,29,5250000,76.02,2.02,"9,892,000,000.00",175700,10241138,33.5,9520,32780000000,1.2,10.6
Denmark,Europe,43094,11.36,"$6,529,000,000.00",10.43,31630000000,36380000000,"$73,060,000,000.00","$174,400,000,000.00","$32,200.00",2.1,71847,"$63,450,000,000.00",1.7,4.56,1.4,2756000,19.8,2870000,77.62,1.5,"5,280,000,000.00",218000,5432335,42.5,3002,37980000000,1.74,6.2
Dominican Republic,America,48730,23.28,"$762,200,000.00",7.35,8912000000,9583000000,"$5,446,000,000.00","$55,680,000,000.00","$6,300.00",1.7,12600,"$8,093,000,000.00",2,32.38,55,500000,18.9,0,67.26,1.1,0,129000,8950034,61.1,1743,426000000,2.86,17
Ecuador,America,283560,22.67,"$261,100,000.00",4.24,75580000000,81270000000,"$7,560,000,000.00","$49,510,000,000.00","$3,700.00",5.8,43197,"$7,650,000,000.00",10,23.66,2,569700,20.6,4530000,76.21,2.2,"160,000,000.00",129000,13363593,49.2,966,1436000000,2.72,11.1
Egypt,Africa,1001450,23.32,"$2,113,000,000.00",5.26,75580000000,81270000000,"$11,000,000,000.00","$316,300,000,000.00","$4,200.00",4.5,64000,"$19,210,000,000.00",2.5,32.59,9.5,2700000,15.8,20710000,71,3.4,"21,200,000,000.00",562000,77505756,102.7,5063,14030000000,2.88,10.9
El Salvador,America,21040,27.04,"($880,500,000.00)",5.85,4450000000,4158000000,"$3,249,000,000.00","$32,350,000,000.00","$4,900.00",1.8,10029,"$5,968,000,000.00",0.7,25.1,5.4,550000,16.6,2750000,71.22,1.1,0,39000,6704932,41.7,283,1888000000,3.16,6.3
Equatorial Guinea,Africa,28051,36.18,"($578,600,000.00)",12,24820000,26690000,"$2,771,000,000.00","$1,270,000,000.00","$2,700.00",20,2880,"$1,167,000,000.00",30,85.13,8.5,1800,50.8,0,55.56,2.5,"20,000,000.00",2000,535881,0,0,235200000,4.62,30
Eritrea,Africa,121320,38.62,"($144,900,000.00)",13.53,229400000,246600000,"$64,440,000.00","$4,154,000,000.00",$900.00,2.5,4010,"$622,000,000.00",0,74.87,10,9500,26.3,0,52.16,13.4,0,6000,4561599,0,306,30870000,5.61,0
Estonia,Europe,45226,9.91,"($1,169,000,000.00)",13.21,6358000000,8301000000,"$5,701,000,000.00","$19,230,000,000.00","$14,300.00",6,55944,"$7,318,000,000.00",5,7.87,3,444000,28.2,660000,71.77,2,"1,270,000,000.00",24000,1332893,5.4,958,1503000000,1.39,9.6
Ethiopia,Africa,1127127,38.61,"($464,400,000.00)",15.06,1998000000,2149000000,"$562,800,000.00","$54,890,000,000.00",$800.00,11.6,33297,"$2,104,000,000.00",6.7,95.32,2.4,75000,17.8,0,48.83,4.6,0,23000,73053286,0,681,923100000,5.33,0
Finland,Europe,338145,10.5,"$11,390,000,000.00",9.79,78580000000,71590000000,"$61,040,000,000.00","$151,200,000,000.00","$29,000.00",3,78197,"$45,170,000,000.00",2,3.57,0.7,2650000,18.3,2660000,78.35,2,"4,557,000,000.00",211400,5223442,46.8,5851,11170000000,1.73,8.9
France,Europe,547030,12.15,"($305,000,000.00)",9.08,414700000000,528600000000,"$419,000,000,000.00","$1,737,000,000,000.00","$28,700.00",2.1,893100,"$419,700,000,000.00",1.7,4.26,2.3,21900000,19.2,27700000,79.6,2.6,"42,010,000,000.00",2026000,60656178,67.7,32175,70760000000,1.85,10.1
Gabon,Africa,267667,36.24,"$196,800,000.00",11.72,1080000000,1161000000,"$3,710,000,000.00","$7,966,000,000.00","$5,900.00",1.9,8464,"$1,225,000,000.00",1.6,53.64,1.5,35000,21.8,650000,55.75,2,"80,000,000.00",13000,1389201,29.3,814,268600000,4.77,21
Gambia The,Africa,11300,39.86,"($16,400,000.00)",11.81,83990000,90310000,"$114,400,000.00","$2,799,000,000.00","$1,800.00",6,2700,"$180,900,000.00",0,72.02,7,25000,25.3,400000,55.2,0.3,0,1900,1593256,0,0,113100000,5.38,0
Georgia,Asia,69700,10.25,"($632,900,000.00)",9.09,6811000000,6732000000,"$909,400,000.00","$14,450,000,000.00","$3,100.00",9.5,20229,"$1,806,000,000.00",3,18.59,5.5,150500,18.5,2100000,75.88,0.59,"1,160,000,000.00",31500,4677401,0,1612,231400000,1.41,17
Germany,Europe,357021,8.33,"$73,590,000,000.00",10.55,519500000000,560000000000,"$893,300,000,000.00","$2,362,000,000,000.00","$28,700.00",1.7,230735,"$716,700,000,000.00",2.2,4.16,1.6,39000000,17.6,42630000,78.65,1.5,"99,550,000,000.00",2891000,82431390,65.8,46039,96840000000,1.39,10.6
Ghana,Africa,239460,23.97,"$83,870,000.00",10.84,6137000000,6922000000,"$3,010,000,000.00","$48,270,000,000.00","$2,300.00",5.4,46176,"$3,699,000,000.00",3.8,51.43,13,170000,19.7,10240000,56,0.6,0,38000,21029853,0,953,1267000000,3.02,20
Greece,Europe,131940,9.72,"($8,000,000,000.00)",10.15,47420000000,47220000000,"$15,500,000,000.00","$226,400,000,000.00","$21,300.00",3.7,117000,"$54,280,000,000.00",4.1,5.53,2.9,1718400,27,4400000,79.09,4.3,"2,021,000,000.00",405700,10668354,112,2571,7300000000,1.33,10
Guatemala,America,108890,34.11,"($1,381,000,000.00)",6.81,5760000000,6608000000,"$2,911,000,000.00","$59,470,000,000.00","$4,200.00",2.6,14118,"$7,770,000,000.00",4.1,35.93,7.2,400000,14.9,3680000,65.14,0.8,0,61000,14655189,32,886,3084000000,4.53,7.5
Guinea,Africa,245857,42.03,"($308,300,000.00)",15.38,795200000,855000000,"$709,200,000.00","$19,500,000,000.00","$2,100.00",1,30500,"$641,500,000.00",3.2,90.37,18,40000,21,3000000,49.86,1.7,0,8600,9467866,0,837,201700000,5.83,0
Guyana,America,214970,18.45,"($129,400,000.00)",8.32,751400000,808000000,"$570,200,000.00","$2,899,000,000.00","$3,800.00",1.9,7970,"$650,100,000.00",7.1,33.26,4.5,125000,34.5,418000,65.5,0.9,0,11000,765283,0,187,280600000,2.05,0
Haiti,America,27750,36.59,"($27,630,000.00)",12.34,574700000,618000000,"$338,100,000.00","$12,050,000,000.00","$1,500.00",-3.5,4160,"$1,085,000,000.00",0,73.45,22,80000,0,3600000,52.92,0.9,0,11000,8121622,0,0,80640000,5.02,0
Honduras,America,112090,30.38,"$258,300,000.00",6.87,3771000000,3626000000,"$1,457,000,000.00","$18,790,000,000.00","$2,800.00",4.2,13603,"$3,332,000,000.00",7.7,29.32,7,168600,24.1,2470000,65.6,1.4,0,29000,6975204,74.1,699,1464000000,3.87,28.5
Hong Kong,Asia,1092,7.23,"$14,850,000,000.00",5.98,38450000000,35510000000,"$268,100,000,000.00","$234,500,000,000.00","$34,200.00",7.9,1831,"$275,900,000,000.00",1,2.97,-0.3,3212800,22.7,3540000,81.39,0,"680,900,000.00",257000,6898686,2.1,0,123600000000,0.91,6.7
Hungary,Europe,93030,9.76,"($7,941,000,000.00)",13.19,35990000000,34070000000,"$54,620,000,000.00","$149,300,000,000.00","$14,900.00",3.9,159568,"$58,680,000,000.00",9.6,8.57,7,1600000,22.8,4170000,72.4,1.75,"13,370,000,000.00",140700,10006835,58.3,7937,14800000000,1.32,5.9
Iceland,Europe,103000,13.73,"($570,000,000.00)",6.68,7692000000,8271000000,"$2,902,000,000.00","$9,373,000,000.00","$31,900.00",1.8,13004,"$3,307,000,000.00",8.8,3.31,4,195000,23.8,158100,80.19,0,0,16300,296737,35.9,0,935000000,1.92,3.1
India,Asia,3287590,22.32,"$4,897,000,000.00",8.28,510100000000,547200000000,"$69,180,000,000.00","$3,319,000,000,000.00","$3,100.00",6.2,2525989,"$89,330,000,000.00",7.4,56.29,4.2,18481000,23.8,482200000,64.35,2.5,"22,750,000,000.00",2130000,1080264388,59.7,63140,126000000000,2.78,9.2
Indonesia,Asia,1919440,20.71,"$7,338,000,000.00",6.25,92350000000,110200000000,"$69,860,000,000.00","$827,400,000,000.00","$3,500.00",4.9,342700,"$45,070,000,000.00",10.5,35.6,6.1,8000000,16.6,111500000,69.57,3,"55,300,000,000.00",1183000,241973879,56.2,6458,35820000000,2.44,9.2
Iran,Asia,1648000,16.83,"$2,100,000,000.00",5.55,119900000000,129000000000,"$38,790,000,000.00","$516,700,000,000.00","$7,700.00",6.3,167157,"$31,300,000,000.00",3.5,41.58,15.5,4300000,31.3,23000000,69.96,3.3,"72,400,000,000.00",1400000,68017860,27,7203,29870000000,1.82,11.2
Iraq,Asia,437072,32.5,"($560,000,000.00)",5.49,33700000000,32600000000,"$10,100,000,000.00","$89,800,000,000.00","$3,500.00",52.3,45550,"$9,900,000,000.00",0,50.25,25.4,25000,0,6700000,68.7,0,"2,350,000,000.00",383000,26074906,0,1963,0,4.28,25
Ireland,Europe,70280,14.47,"($2,881,000,000.00)",7.85,21780000000,22880000000,"$103,800,000,000.00","$126,400,000,000.00","$31,900.00",5.1,95736,"$60,650,000,000.00",7,5.39,2.2,1260000,23.8,1920000,77.56,0.9,"4,199,000,000.00",174400,4015676,31.2,3312,4152000000,1.87,4.3
Israel,Asia,20770,18.21,"$211,900,000.00",6.18,38300000000,42670000000,"$34,410,000,000.00","$129,000,000,000.00","$20,800.00",3.9,16903,"$36,840,000,000.00",4.5,7.03,0,2000000,17.6,2680000,79.32,8.7,"10,000,000.00",260000,6276883,104.5,640,28480000000,2.44,10.7
Italy,Europe,301230,8.89,"($21,100,000,000.00)",10.3,293900000000,261600000000,"$336,400,000,000.00","$1,609,000,000,000.00","$27,700.00",1.3,479688,"$329,300,000,000.00",0.7,5.94,2.3,18500000,19.3,24270000,79.68,1.8,"71,180,000,000.00",1866000,58103033,105.6,19507,61500000000,1.28,8.6
Jamaica,America,10991,16.56,"($830,700,000.00)",5.37,5849000000,6289000000,"$1,679,000,000.00","$11,130,000,000.00","$4,100.00",1.9,18700,"$3,624,000,000.00",-2,12.36,12.4,600000,32,1140000,76.29,0.4,0,66000,2731832,146.1,272,1400000000,1.95,15
Japan,Asia,377835,9.47,"$170,200,000,000.00",8.95,971000000000,1044000000000,"$538,800,000,000.00","$3,745,000,000,000.00","$29,400.00",2.9,1171647,"$401,800,000,000.00",6.6,3.26,-0.1,57200000,24,66970000,81.15,1,"80,420,000,000.00",5290000,127417244,164.3,23705,664600000000,1.39,4.7
Jordan,Asia,92300,21.76,"$203,200,000.00",2.63,7094000000,7307000000,"$3,200,000,000.00","$25,500,000,000.00","$4,500.00",5.1,7301,"$7,600,000,000.00",5,17.35,3.2,457000,11.6,1410000,78.24,14.6,"290,000,000.00",103000,5759732,85.8,505,5457000000,2.71,15
Kazakhstan,Asia,2717300,15.78,"($39,020,000.00)",9.46,62210000000,66820000000,"$18,470,000,000.00","$118,400,000,000.00","$7,800.00",9.1,82980,"$13,070,000,000.00",10.6,29.21,6.9,250000,23.9,7950000,66.55,0.9,"14,300,000,000.00",189400,15185844,13.7,13601,14350000000,1.89,8
Kenya,Africa,582650,40.13,"($459,200,000.00)",14.65,4337000000,4475000000,"$2,589,000,000.00","$34,680,000,000.00","$1,100.00",2.2,63942,"$4,190,000,000.00",2.6,61.47,9,400000,14.7,11400000,47.99,1.3,0,57000,33829590,74.3,2778,1500000000,4.96,40
Korea South,Asia,98480,10.08,"$26,780,000,000.00",6.26,293600000000,322500000000,"$250,600,000,000.00","$925,100,000,000.00","$19,200.00",4.6,86990,"$214,200,000,000.00",10.1,7.05,3.6,29220000,28.7,22900000,75.82,2.8,"20,920,000,000.00",2070000,48422644,21.3,3125,199100000000,1.26,3.6
Kuwait,Asia,17820,21.88,"$12,040,000,000.00",2.42,30160000000,32430000000,"$27,420,000,000.00","$48,000,000,000.00","$21,300.00",6.8,4450,"$11,120,000,000.00",-5,9.95,2.3,567000,8,1420000,77.03,5.3,"8,700,000,000.00",293000,2335648,29.6,0,7333000000,2.97,2.2
Kyrgyzstan,Asia,198500,22.48,"($87,920,000.00)",7.13,10210000000,11720000000,"$646,700,000.00","$8,495,000,000.00","$1,700.00",6,18500,"$775,100,000.00",6,35.64,3.2,152000,17,2700000,68.16,1.4,"2,016,000,000.00",20000,5146281,0,470,498700000,2.7,18
Laos,Asia,236800,35.99,"($80,760,000.00)",11.83,3036000000,3560000000,"$365,500,000.00","$11,280,000,000.00","$1,900.00",6,21716,"$579,500,000.00",9.7,85.22,12.3,15000,0,2600000,55.08,0.5,0,2750,6217141,0,0,193100000,4.77,5.7
Latvia,Europe,64589,9.04,"($1,251,000,000.00)",13.7,5829000000,4547000000,"$3,569,000,000.00","$26,530,000,000.00","$11,500.00",7.6,60472,"$5,970,000,000.00",8.5,9.55,6,936000,26.1,1170000,71.05,1.2,"1,700,000,000.00",44000,2290237,11.8,2303,1650000000,1.26,8.8
Lebanon,Asia,10400,18.88,"($2,389,000,000.00)",6.24,8591000000,8066000000,"$1,783,000,000.00","$18,830,000,000.00","$5,000.00",4,7300,"$8,162,000,000.00",0,24.52,2,400000,26,2600000,72.63,3.1,0,107000,3826018,177.9,401,16300000000,1.92,18
Lesotho,Africa,30355,26.53,"($108,300,000.00)",25.03,308000000,314000000,"$484,500,000.00","$5,892,000,000.00","$3,200.00",3.3,5940,"$730,900,000.00",15.5,84.23,5.3,21000,39.6,838000,36.68,2.3,0,1500,1867035,0,0,402200000,3.35,45
Libya,Africa,1759540,26.82,"$9,895,000,000.00",3.48,19430000000,20890000000,"$18,650,000,000.00","$37,480,000,000.00","$6,700.00",4.9,83200,"$7,224,000,000.00",0,24.6,2.9,160000,9.9,1590000,76.5,3.9,"5,410,000,000.00",216000,5765563,8.8,0,24180000000,3.34,30
Lithuania,Europe,65200,8.62,"($1,600,000,000.00)",10.92,10170000000,17930000000,"$8,880,000,000.00","$45,230,000,000.00","$12,500.00",6.6,77148,"$11,020,000,000.00",12,6.89,1.1,695700,21.9,1630000,73.97,1.9,"2,760,000,000.00",72000,3596617,25.2,1998,4610000000,1.19,8
Macedonia,Europe,25333,12,"($311,000,000.00)",8.73,7216000000,6273000000,"$1,629,000,000.00","$14,400,000,000.00","$7,100.00",1.3,8684,"$2,677,000,000.00",0,10.09,0.4,100000,17.5,855000,73.73,6,0,22000,2045262,20,699,928000000,1.57,37.7
Madagascar,Africa,587040,41.66,"($281,900,000.00)",11.35,781400000,840200000,"$868,200,000.00","$14,560,000,000.00",$800.00,5.5,49827,"$1,147,000,000.00",3,76.83,7.5,70500,14.7,7300000,56.95,1.2,0,13000,18040341,0,732,500300000,5.66,0
Malawi,Africa,118480,43.95,"($55,500,000.00)",23.39,1012000000,1088000000,"$503,400,000.00","$7,410,000,000.00",$600.00,4,28400,"$521,100,000.00",1.4,103.32,12,36000,10.7,4500000,36.97,0.7,0,5400,12158924,228.3,797,160500000,5.98,0
Malaysia,Asia,329750,23.07,"$11,810,000,000.00",5.06,68400000000,75330000000,"$123,500,000,000.00","$229,300,000,000.00","$9,700.00",7.1,65877,"$99,300,000,000.00",10.2,17.7,1.3,8692100,21.7,10490000,72.24,2.03,"31,250,000,000.00",460000,23953136,45.4,2418,55270000000,3.07,3
Malta,Europe,316,10.17,"($241,000,000.00)",8,2000000000,2150000000,"$2,625,000,000.00","$7,223,000,000.00","$18,200.00",1,2222,"$3,407,000,000.00",0,3.89,2.9,120000,26.4,160000,78.86,0.7,0,20000,398534,0,0,2865000000,1.5,7
Mauritius,Africa,2040,15.62,"$284,100,000.00",6.83,1707000000,1836000000,"$2,012,000,000.00","$15,680,000,000.00","$12,800.00",4.7,2000,"$2,245,000,000.00",8,15.03,4.5,150000,22.5,560000,72.38,0.2,0,21000,1230602,29.2,0,1676000000,1.96,10.8
Mexico,America,1972550,21.01,"($4,113,000,000.00)",4.73,189700000000,203600000000,"$182,400,000,000.00","$1,006,000,000,000.00","$9,600.00",4.1,329532,"$190,800,000,000.00",3.8,20.91,5.4,10033000,19.4,34730000,75.19,0.9,"55,100,000,000.00",1752000,106202903,23.5,19510,60670000000,2.45,3.2
Moldova,Europe,33843,15.27,"($148,400,000.00)",12.79,4605000000,3876000000,"$1,030,000,000.00","$8,581,000,000.00","$1,900.00",6.8,12719,"$1,830,000,000.00",17,40.42,11.5,150000,17.1,1360000,65.18,0.4,"2,050,000,000.00",24000,4455421,63.4,1138,390000000,1.81,8
Morocco,Africa,446550,22.29,"$765,400,000.00",5.64,14240000000,13910000000,"$9,754,000,000.00","$134,600,000,000.00","$4,200.00",4.4,57694,"$15,630,000,000.00",0,41.62,2.1,800000,22.4,11020000,70.66,5,"50,000,000.00",167000,32725847,70.2,1907,15140000000,2.73,12.1
Mozambique,Africa,801590,35.79,"($101,200,000.00)",20.99,5046000000,8859000000,"$689,400,000.00","$23,380,000,000.00","$1,200.00",8.2,30400,"$972,900,000.00",3.4,130.79,12.8,50000,47,9200000,40.32,2.2,"60,000,000.00",8500,19406703,0,3123,1206000000,4.7,21
Namibia,Africa,825418,25.16,"$234,300,000.00",18.36,1920000000,1167000000,"$1,356,000,000.00","$14,760,000,000.00","$7,300.00",4.8,42237,"$1,473,000,000.00",0,48.98,4.2,65000,19.6,840000,43.93,3.1,0,13000,2030692,38.5,2382,360000000,3.18,35
Netherlands,Europe,41526,11.14,"$19,900,000,000.00",8.68,100700000000,90610000000,"$293,100,000,000.00","$481,100,000,000.00","$29,500.00",1.2,116500,"$252,700,000,000.00",0.8,5.04,1.4,8500000,19.9,7530000,78.81,1.6,"49,720,000,000.00",895300,16407491,55.8,2808,21440000000,1.66,6
New Zealand,Oceania,268680,13.9,"($3,647,000,000.00)",7.53,35710000000,38390000000,"$19,850,000,000.00","$92,510,000,000.00","$23,200.00",4.8,92382,"$19,770,000,000.00",5.9,5.85,2.4,2110000,22.4,2050000,78.66,1,"6,504,000,000.00",132700,4035461,22.1,3898,4805000000,1.79,4.2
Nicaragua,America,129494,24.88,"($843,100,000.00)",4.49,2318000000,2553000000,"$750,000,000.00","$12,340,000,000.00","$2,300.00",4,18712,"$2,020,000,000.00",4.4,29.11,9.3,90000,28,1930000,70.33,0.7,0,25770,5465100,69.5,6,670000000,2.81,7.8
Nigeria,Africa,923768,40.65,"$5,228,000,000.00",17.18,18430000000,19850000000,"$33,990,000,000.00","$125,700,000,000.00","$1,000.00",6.2,194394,"$17,140,000,000.00",1.8,98.8,16.5,750000,18,55670000,46.74,0.8,"7,850,000,000.00",275000,128771988,20,3557,14710000000,5.53,0
Norway,Europe,324220,11.67,"$30,520,000,000.00",9.45,107400000000,125900000000,"$76,640,000,000.00","$183,000,000,000.00","$40,000.00",3.3,91852,"$45,960,000,000.00",5.2,3.7,1,2288000,17.5,2380000,79.4,1.9,"4,100,000,000.00",171100,4593041,33.1,4077,0,1.78,4.3
Oman,Asia,212460,36.73,"$2,674,000,000.00",3.86,9792000000,9896000000,"$13,140,000,000.00","$38,090,000,000.00","$13,100.00",1.2,34965,"$6,373,000,000.00",-1.2,19.51,0.2,180000,13.5,920000,73.13,11.4,"6,340,000,000.00",54000,3001583,10.3,0,4144000000,5.84,15
Pakistan,Asia,803940,30.42,"$1,400,000,000.00",8.45,52660000000,75270000000,"$15,070,000,000.00","$347,300,000,000.00","$2,200.00",6.1,257683,"$14,010,000,000.00",13.1,72.44,4.8,1500000,16.4,45430000,63,4.9,"23,400,000,000.00",365000,162419946,71.4,8163,12580000000,4.14,8.3
Panama,America,78200,19.96,"($469,600,000.00)",6.54,4473000000,4873000000,"$5,699,000,000.00","$20,570,000,000.00","$6,900.00",6,11643,"$7,164,000,000.00",5.4,20.47,2,120000,25,1320000,71.94,1.1,0,40520,3039150,69.2,355,1076000000,2.45,12.6
Papua New Guinea,Oceania,462840,29.95,"$29,150,000.00",7.37,1561000000,1679000000,"$2,437,000,000.00","$11,990,000,000.00","$2,200.00",0.9,19600,"$1,353,000,000.00",0,51.45,4.2,75000,13.6,3320000,64.93,1.4,"110,000,000.00",15000,5545268,59.3,0,635800000,3.96,0
Paraguay,America,406750,29.43,"($36,110,000.00)",4.53,2469000000,48360000000,"$2,936,000,000.00","$29,930,000,000.00","$4,800.00",2.8,29500,"$3,330,000,000.00",0,25.63,5.1,120000,18.1,2660000,74.89,0.9,0,25000,6347884,39.2,441,1164000000,3.93,15.1
Peru,America,1285220,20.87,"($30,000,000.00)",6.26,20220000000,22880000000,"$12,300,000,000.00","$155,300,000,000.00","$5,600.00",4.5,78230,"$9,600,000,000.00",5.2,31.94,3.8,2850000,17.8,11000000,69.53,1.4,"910,000,000.00",161000,27925628,44.1,3462,12700000000,2.56,9.6
Philippines,Asia,300000,25.31,"$3,600,000,000.00",5.47,46050000000,52860000000,"$38,630,000,000.00","$430,600,000,000.00","$5,000.00",5.9,202124,"$37,500,000,000.00",5,23.51,5.5,3500000,17,35860000,69.91,1,"25,000,000.00",338000,87857473,74.2,897,16050000000,3.16,11.7
Poland,Europe,312685,10.78,"($3,831,000,000.00)",10.01,117400000000,133800000000,"$75,980,000,000.00","$463,000,000,000.00","$12,000.00",5.6,364697,"$81,610,000,000.00",10,8.51,3.4,8970000,18.4,17020000,74.41,1.71,"13,850,000,000.00",424100,38635144,49.9,23852,41880000000,1.39,19.5
Portugal,Europe,92391,10.82,"($8,120,000,000.00)",10.43,42150000000,43280000000,"$37,680,000,000.00","$188,700,000,000.00","$17,900.00",1.1,17135,"$52,100,000,000.00",1.1,5.05,2.1,3600000,22.3,5480000,77.53,2.3,"2,542,000,000.00",339800,10566212,61.5,2850,12300000000,1.47,6.5
Qatar,Asia,11437,15.54,"$5,187,000,000.00",4.61,9046000000,9727000000,"$15,000,000,000.00","$19,490,000,000.00","$23,200.00",8.7,1230,"$6,150,000,000.00",10,18.61,3,126000,22.9,140000,73.67,10,"15,860,000,000.00",30000,863051,0,0,3351000000,2.87,2.7
Romania,Europe,237500,10.7,"($3,631,000,000.00)",11.74,57500000000,56530000000,"$23,540,000,000.00","$171,500,000,000.00","$7,700.00",8.1,198755,"$28,430,000,000.00",4,26.43,9.6,4000000,23.3,9660000,71.35,2.47,"18,500,000,000.00",253800,22329977,23.6,11385,16210000000,1.36,6.3
Russia,Europe,17075200,9.8,"$46,040,000,000.00",14.52,894300000000,915000000000,"$162,500,000,000.00","$1,408,000,000,000.00","$9,800.00",6.7,537289,"$92,910,000,000.00",6.4,15.39,11.5,6000000,19.1,71830000,67.1,0,"405,800,000,000.00",2310000,143420309,28.2,87157,124500000000,1.27,8.3
Rwanda,Africa,26338,40.6,"($212,500,000.00)",16.32,195000000,166700000,"$69,780,000.00","$10,430,000,000.00","$1,300.00",0.9,12000,"$260,000,000.00",7,91.23,7,25000,20,4600000,46.96,3.2,0,5300,8440820,0,0,210900000,5.49,0
Sao Tome and Principe,Africa,1001,40.8,"($31,500,000.00)",6.68,15810000,17000000,"$6,700,000.00","$214,000,000.00","$1,200.00",6,320,"$41,000,000.00",0,43.11,14,15000,31.5,0,66.99,0.8,0,700,187410,0,0,29780000,5.71,0
Saudi Arabia,Asia,1960582,29.56,"$51,500,000,000.00",2.62,128500000000,138200000000,"$113,000,000,000.00","$310,200,000,000.00","$12,000.00",5,152044,"$36,210,000,000.00",2.8,13.24,0.8,1500000,17.2,6620000,75.46,10,"56,400,000,000.00",1550000,26417599,75,1392,23620000000,4.05,25
Senegal,Africa,196190,35.21,"($518,800,000.00)",10.6,1615000000,1737000000,"$1,374,000,000.00","$18,360,000,000.00","$1,700.00",3.2,14576,"$2,128,000,000.00",4.7,55.51,0.8,225000,20.1,4650000,56.75,1.5,"50,000,000.00",31000,11126832,55.2,906,820000000,4.75,48
Serbia and Montenegro,Europe,102350,12.12,"($3,008,000,000.00)",10.49,32330000000,31640000000,"$3,245,000,000.00","$26,270,000,000.00","$2,400.00",6.5,45290,"$9,538,000,000.00",1.7,12.89,8.8,847000,14.4,3200000,74.73,0,"602,000,000.00",64000,10829175,80,4380,3550000000,1.67,30
Seychelles,Africa,455,16.22,"($98,420,000.00)",6.34,202800000,218000000,"$256,200,000.00","$626,000,000.00","$7,800.00",1.5,373,"$393,400,000.00",0,15.53,5,11700,39.5,30900,71.82,1.8,0,4000,81188,122.8,0,70940000,1.75,0
Singapore,Asia,693,9.49,"$8,800,000,000.00",4.16,32000000000,35330000000,"$174,000,000,000.00","$120,900,000,000.00","$27,800.00",8.1,3130,"$155,200,000,000.00",11.1,2.29,1.7,2310000,27.4,2180000,81.62,4.9,"2,500,000,000.00",700000,4425720,102.5,0,112800000000,1.05,3.4
Slovakia,Europe,48845,10.62,"($1,400,000,000.00)",9.43,28890000000,31150000000,"$29,240,000,000.00","$78,890,000,000.00","$14,500.00",5.3,42970,"$29,670,000,000.00",5.1,7.41,7.5,1375800,24,2200000,74.5,1.89,"6,800,000,000.00",82000,5431363,46.6,3661,14910000000,1.32,13.1
Slovenia,Europe,20273,8.95,"($51,640,000.00)",10.22,11800000000,12490000000,"$14,970,000,000.00","$39,410,000,000.00","$19,600.00",3.9,20250,"$16,070,000,000.00",3.9,4.45,3.3,750000,24.9,870000,76.14,1.7,"1,040,000,000.00",53300,2011070,31.5,1201,8493000000,1.24,6.4
South Africa,Africa,1219912,18.48,"($2,480,000,000.00)",21.32,189400000000,202600000000,"$41,970,000,000.00","$491,400,000,000.00","$11,100.00",3.5,275971,"$39,420,000,000.00",5.5,61.81,4.5,3100000,16.7,16630000,43.27,1.5,"1,800,000,000.00",460000,44344136,45.9,22298,11680000000,2.24,26.2
Spain,Europe,504782,10.1,"($30,890,000,000.00)",9.63,218400000000,229000000000,"$172,500,000,000.00","$937,600,000,000.00","$23,300.00",2.6,664852,"$222,000,000,000.00",3,4.42,3.2,9789000,25.4,19330000,79.52,1.2,"17,960,000,000.00",1497000,40341462,53.2,14268,19700000000,1.28,10.4
Sri Lanka,Asia,65610,15.63,"($587,300,000.00)",6.49,6228000000,6697000000,"$5,306,000,000.00","$80,580,000,000.00","$4,000.00",5.2,11650,"$7,265,000,000.00",7.1,14.35,5.8,200000,22.4,7260000,73.17,2.6,0,75000,20064776,104.3,1449,2475000000,1.85,7.8
Sudan,Africa,2505810,35.17,"($763,600,000.00)",9.16,2400000000,2581000000,"$3,395,000,000.00","$76,190,000,000.00","$1,900.00",6.4,11900,"$3,496,000,000.00",8.5,62.5,9,300000,16,11000000,58.54,3,0,70000,40187486,79.7,5995,1652000000,4.85,18.7
Swaziland,Africa,17363,27.72,"($82,400,000.00)",25.26,1173000000,402000000,"$900,100,000.00","$6,018,000,000.00","$5,100.00",2.5,3107,"$1,140,000,000.00",3.7,69.27,5.4,27000,23.6,383200,35.65,1.4,0,3500,1173900,0,301,320500000,3.7,34
Sweden,Europe,449964,10.36,"$24,080,000,000.00",10.36,138100000000,142800000000,"$121,700,000,000.00","$255,400,000,000.00","$28,400.00",3.6,213237,"$97,970,000,000.00",5.5,2.77,0.7,5125000,15.8,4460000,80.4,1.7,"949,000,000.00",328600,9001774,51.6,11481,19990000000,1.66,5.6
Switzerland,Europe,41290,9.77,"$40,950,000,000.00",8.48,54530000000,63470000000,"$130,700,000,000.00","$251,900,000,000.00","$33,800.00",1.8,71212,"$121,100,000,000.00",4.7,4.39,0.9,2556000,20.4,3770000,80.39,1,"3,093,000,000.00",290400,7489370,57.2,4533,69580000000,1.42,3.4
Syria,Asia,185180,28.29,"$1,100,000,000.00",4.88,24320000000,26150000000,"$6,086,000,000.00","$60,440,000,000.00","$3,400.00",2.3,45697,"$5,042,000,000.00",7,29.53,2.1,220000,16.3,5120000,70.03,5.9,"5,840,000,000.00",240000,18448752,32,2711,5000000000,3.5,20
Taiwan,Asia,35980,12.64,"$21,160,000,000.00",6.38,147400000000,158500000000,"$170,500,000,000.00","$576,200,000,000.00","$25,300.00",6,37299,"$165,400,000,000.00",12.2,6.4,1.7,13800000,18,10220000,77.26,2.6,"6,640,000,000.00",988000,22894384,32.4,2508,246500000000,1.57,4.5
Tajikistan,Asia,143100,32.58,"($52,000,000.00)",8.39,14410000000,15080000000,"$1,130,000,000.00","$7,950,000,000.00","$1,100.00",10.5,27767,"$1,300,000,000.00",8.2,110.76,8,4100,22,3187000,64.56,3.9,"1,300,000,000.00",20000,7163506,0,482,145300000,4.05,40
Tanzania,Africa,945087,38.16,"($327,400,000.00)",16.71,2566000000,2727000000,"$1,248,000,000.00","$23,710,000,000.00",$700.00,5.8,88200,"$1,972,000,000.00",8.4,98.54,5.4,250000,16.2,19000000,45.24,0.2,0,17000,36766356,5,3690,2175000000,5.06,0
Thailand,Asia,514000,15.7,"$6,736,000,000.00",7.02,106100000000,118900000000,"$87,910,000,000.00","$524,800,000,000.00","$8,100.00",6.1,57403,"$80,840,000,000.00",8.5,20.48,2.8,6971500,22.5,36430000,71.57,1.8,"23,930,000,000.00",785000,65444371,47.6,4071,48300000000,1.88,1.5
Togo,Africa,56785,33.48,"($125,600,000.00)",11.8,451200000,108800000,"$663,100,000.00","$8,684,000,000.00","$1,600.00",3,7520,"$824,900,000.00",0,66.61,1,210000,19.1,1740000,52.64,1.9,0,10000,5681519,0,568,267400000,4.61,0
Trinidad and Tobago,America,5128,12.81,"$1,548,000,000.00",9.37,5341000000,5743000000,"$6,671,000,000.00","$11,480,000,000.00","$10,500.00",5.7,8320,"$4,650,000,000.00",7.2,24.31,3.3,138000,19.4,590000,68.91,0.6,"13,760,000,000.00",24000,1088644,54.4,0,2927000000,1.75,10.4
Tunisia,Africa,163610,15.5,"$71,850,000.00",5.09,10050000000,10720000000,"$9,926,000,000.00","$70,880,000,000.00","$7,100.00",5.1,18997,"$11,520,000,000.00",4.4,24.77,4.1,630000,24.5,3550000,74.89,1.5,"3,830,000,000.00",87000,10074951,59.2,2152,3509000000,1.75,13.8
Turkey,Asia,780580,16.83,"($15,300,000,000.00)",5.96,117900000000,139700000000,"$69,460,000,000.00","$508,700,000,000.00","$7,400.00",8.2,354421,"$94,500,000,000.00",16.5,41.04,9.3,5500000,17.3,25300000,72.36,5.3,"15,940,000,000.00",619500,69660559,74.3,8671,37100000000,1.94,9.3
Turkmenistan,Asia,488100,27.68,"$114,000,000.00",8.78,8908000000,11410000000,"$4,000,000,000.00","$27,600,000,000.00","$5,700.00",7.5,24000,"$2,850,000,000.00",22,73.08,9,8000,29,2320000,61.39,3.4,"9,600,000,000.00",63000,4952081,0,2440,3034000000,3.41,60
Uganda,Africa,236040,47.39,"($590,800,000.00)",12.8,1401000000,1775000000,"$621,700,000.00","$39,390,000,000.00","$1,500.00",5,27000,"$1,306,000,000.00",5.6,67.83,3.5,125000,22.4,12410000,51.59,2.2,0,8750,27269482,73.9,1241,1200000000,6.74,0
Ukraine,Europe,603700,10.49,"$4,584,000,000.00",16.42,132000000000,180000000000,"$32,910,000,000.00","$299,100,000,000.00","$6,300.00",12,169679,"$31,450,000,000.00",16.5,20.34,12,3800000,18.8,21110000,66.85,1.4,"79,860,000,000.00",303000,47425336,24.7,22473,11330000000,1.4,3.5
United Arab Emirates,Asia,82880,18.78,"$6,300,000,000.00",4.26,36510000000,45120000000,"$69,480,000,000.00","$63,670,000,000.00","$25,200.00",5.7,1088,"$45,660,000,000.00",4,14.51,3.2,1110200,20.8,2360000,75.24,3.1,"33,700,000,000.00",310000,2563212,17.6,0,18640000000,2.94,2.4
United Kingdom,Asia,244820,10.78,"($33,460,000,000.00)",10.18,337400000000,395900000000,"$347,200,000,000.00","$1,782,000,000,000.00","$29,600.00",3.2,392931,"$439,400,000,000.00",0.9,5.16,1.4,25000000,16.2,29780000,78.38,2.4,"92,850,000,000.00",1692000,60441457,39.6,17186,48730000000,1.66,4.8
United States,America,9631418,14.14,"($646,500,000,000.00)",8.25,3660000000000,3839000000000,"$795,000,000,000.00","$11,750,000,000,000.00","$40,100.00",4.4,6393603,"$1,476,000,000,000.00",4.4,6.5,2.5,159000000,15.7,147400000,77.71,3.3,"640,900,000,000.00",19650000,295734134,65,228464,85940000000,2.08,5.5
Uruguay,America,176220,14.09,"$181,800,000.00",9.06,5878000000,8536000000,"$2,200,000,000.00","$49,270,000,000.00","$14,500.00",10.2,8983,"$2,071,000,000.00",22,11.95,7.6,400000,9.6,1560000,76.13,2,"64,500,000.00",41500,3415920,0,2073,2362000000,1.91,13
Uzbekistan,Asia,447400,26.22,"$461,900,000.00",7.95,46660000000,47700000000,"$3,700,000,000.00","$47,590,000,000.00","$1,800.00",4.4,81600,"$2,820,000,000.00",6.2,71.1,3,492000,0,14640000,64.19,2,"45,200,000,000.00",142000,26851195,41.5,3950,1603000000,2.94,0.6
Venezuela,America,912050,18.91,"$14,590,000,000.00",4.9,89300000000,89700000000,"$35,840,000,000.00","$145,200,000,000.00","$5,800.00",16.8,96155,"$14,980,000,000.00",12.3,22.2,22.4,1274400,12.9,12250000,74.31,1.5,"29,400,000,000.00",500000,25375281,43.1,682,25750000000,2.26,17.1
Vietnam,Asia,329560,17.07,"($2,061,000,000.00)",6.2,32060000000,34480000000,"$23,720,000,000.00","$227,200,000,000.00","$2,700.00",7.7,93300,"$26,310,000,000.00",16,25.95,9.5,3500000,36.6,42980000,70.61,2.5,"1,300,000,000.00",185000,83535576,65.9,2600,6510000000,1.94,1.9
Yemen,Asia,527970,43.07,"$369,900,000.00",8.53,2827000000,3040000000,"$4,468,000,000.00","$16,250,000,000.00",$800.00,1.9,67000,"$3,734,000,000.00",3,61.5,12.2,100000,16.1,5980000,61.75,7.8,-,78000,20727063,46.4,0,5300000000,6.67,35
Zambia,Africa,752614,41.38,"($181,400,000.00)",20.23,5345000000,8167000000,"$1,548,000,000.00","$9,409,000,000.00",$900.00,4.6,91440,"$1,519,000,000.00",6.9,88.29,18.3,68200,41.4,4630000,39.7,1.8,0,11000,11261795,127.5,2173,345000000,5.47,50
Zimbabwe,Africa,390580,29.74,"($230,300,000.00)",24.66,11220000000,8839000000,"$1,409,000,000.00","$24,370,000,000.00","$1,900.00",-8.2,18338,"$1,599,000,000.00",-7.8,67.69,133,500000,9.9,4230000,36.67,4.3,0,23000,12746990,52.3,3077,57000000,3.54,70
